Płeć,Rocznik,5_km_Tempo,10_km_Czas,15_km_Czas,20_km_Czas
Mężczyzna,1991,9.0,5389.804668484381,8103.311811902255,10663.736527891102
