Płeć,Rocznik,5_km_Tempo,10_km_Czas,15_km_Czas,20_km_Czas
Mężczyzna,1991,9.0,5553.190143997107,8380.648905393873,11416.755027660342
